Workbook

Sheet Project_Info
A2: Building information
A3: RSL(Reference service life)
A4: 50 | B4: years
A5: Total area
A6: 4000 | B6: m2
A7: Netto area
A8: 3900 | B8: m2
A9: Floor number
A10: 4
A11: window wall ratio
A12: 0.4

Sheet A-D
A2: DGNB Standard Certification Scope | D2: A1–A3 + B4 + B6 + C + D
A3: A1-A3 account for 70%-80% of embedded carbon | K3: negligable | M3: 0.15*A1-A3, except Refrigerant
A4: Level1 | B4: Level2 | C4: Component | D4: Lifetime | E4: Replacement | F4: Material | G4: Quantity | H4: Unit | I4: GWP Factor | J4: A1-A3 (kg CO2) | K4: B1–B2 | L4: B4_Replacement | M4: C_Demolition | N4: D_ avoided burden | O4: Remark
A5: Structure | B5: Substructure | C5: Foundation | D5: 80 | E5: =INT(50 / D5) -> 0 | F5: Concrete_C25 | G5: 500 | H5: m3 | I5: 300 | J5: =G5*I5 -> 150000 | L5: =MAX(0,J5 * E5 ) -> 0 | M5: =0.15*J5 -> 22500 | O5: 300 kg CO₂/m³
A6: Structure | B6: Superstructure | C6: Slab | D6: 80 | E6: =INT(50 / D6) -> 0 | F6: Concrete_C25 | G6: 1500 | H6: m3 | I6: 300 | J6: =G6*I6 -> 450000 | L6: =MAX(0,J6 * E6 ) -> 0 | M6: =0.15*J6 -> 67500
A7: Structure | B7: Superstructure | C7: Columns | D7: 80 | E7: =INT(50 / D7) -> 0 | F7: Concrete_C25 | G7: 250 | H7: m3 | I7: 300 | J7: =G7*I7 -> 75000 | L7: =MAX(0,J7 * E7 ) -> 0 | M7: =0.15*J7 -> 11250
A8: Structure | B8: Reinforcement | C8: Rebar | D8: 80 | E8: =INT(50 / D8) -> 0 | F8: Steel | G8: =SUM(G5:G7)*100 -> 225000 | H8: kg | I8: 2 | J8: =G8*I8 -> 450000 | L8: =MAX(0,J8 * E8 ) -> 0 | M8: =0.15*J8 -> 67500 | N8: =-0.8*J8 -> -360000 | O8: 100kg steel / m3 concrete, 50*100kg=5000
A9: Envelope | B9: Facade | C9: External Wall | D9: 40 | E9: =INT(50 / D9) -> 1 | F9: Concrete | G9: =Project_Info!A6*0.5 -> 2000 | H9: m2 | I9: 150 | J9: =G9*I9 -> 300000 | L9: =MAX(0,J9 * E9 ) -> 300000 | M9: =0.15*J9 -> 45000 | O9: External wall area ≈ 0.5 × total area
A10: Envelope | B10: Facade | C10: External Wall | D10: 40 | E10: =INT(50 / D10) -> 1 | F10: Insulation | G10: =Project_Info!A6*0.5 -> 2000 | H10: m2 | I10: 40 | J10: =G10*I10 -> 80000 | L10: =MAX(0,J10 * E10 ) -> 80000 | M10: =0.15*J10 -> 12000
A11: Envelope | B11: Facade | C11: External Wall | D11: 40 | E11: =INT(50 / D11) -> 1 | F11: Plaster | G11: =Project_Info!A6*0.5 -> 2000 | H11: m2 | I11: 20 | J11: =G11*I11 -> 40000 | L11: =MAX(0,J11 * E11 ) -> 40000 | M11: =0.15*J11 -> 6000
A12: Envelope | B12: Facade | C12: External Wall | D12: 41 | E12: =INT(50 / D12) -> 1 | F12: Facade cladding | G12: =Project_Info!A6*0.5 -> 2000 | H12: m2 | I12: 100 | J12: =G12*I12 -> 200000 | L12: =MAX(0,J12 * E12 ) -> 200000 | M12: =0.15*J12 -> 30000
A13: Envelope | B13: Openings | C13: Windows | D13: 30 | E13: =INT(50 / D13) -> 1 | F13: Glass | G13: =G12*Project_Info!A12 -> 800 | H13: m2 | I13: 40 | J13: =G13*I13 -> 32000 | L13: =MAX(0,J13 * E13 ) -> 32000 | M13: =0.15*J13 -> 4800 | N13: =-0.2*J13 -> -6400
A14: Envelope | B14: Openings | C14: Windows | D14: 40 | E14: =INT(50 / D14) -> 1 | F14: Frame (Aluminum) | G14: =10*G13 -> 8000 | H14: kg | I14: 6 | J14: =G14*I14 -> 48000 | L14: =MAX(0,J14 * E14 ) -> 48000 | M14: =0.15*J14 -> 7200 | N14: =-0.6*J14 -> -28800 | O14: 10 kg/m² window area
A15: Envelope | B15: Roof | C15: Roof Build-up | D15: 80 | E15: =INT(50 / D15) -> 0 | F15: Concrete | G15: =Project_Info!A6/Project_Info!A10 -> 1000 | H15: m2 | I15: 250 | J15: =G15*I15 -> 250000 | L15: =MAX(0,J15 * E15 ) -> 0 | M15: =0.15*J15 -> 37500
A16: Envelope | B16: Roof | C16: Roof Build-up | D16: 35 | E16: =INT(50 / D16) -> 1 | F16: Insulation | G16: =Project_Info!A6/Project_Info!A10 -> 1000 | H16: m2 | I16: 50 | J16: =G16*I16 -> 50000 | L16: =MAX(0,J16 * E16 ) -> 50000 | M16: =0.15*J16 -> 7500
A17: Envelope | B17: Roof | C17: Roof Build-up | D17: 20 | E17: =INT(50 / D17) -> 2 | F17: Bitumen membrane | G17: =Project_Info!A6/Project_Info!A10 -> 1000 | H17: m2 | I17: 15 | J17: =G17*I17 -> 15000 | L17: =MAX(0,J17 * E17 ) -> 30000 | M17: =0.15*J17 -> 2250
A18: Interior | B18: Walls | C18: Internal Walls | D18: 25 | E18: =INT(50 / D18) -> 2 | F18: Gypsum Board | G18: =1*Project_Info!A6 -> 4000 | H18: m2 | I18: 15 | J18: =G18*I18 -> 60000 | L18: =MAX(0,J18 * E18 ) -> 120000 | M18: =0.15*J18 -> 9000 | O18: 1.0 m²/m²
A19: Interior | B19: Walls | C19: Internal Walls | D19: 50 | E19: =INT(50 / D19) -> 1 | F19: Steel Stud | G19: =1*Project_Info!A6 -> 4000 | H19: m2 | I19: 25 | J19: =G19*I19 -> 100000 | L19: =MAX(0,J19 * E19 ) -> 100000 | M19: =0.15*J19 -> 15000 | N19: =-0.8*J19 -> -80000
A20: Interior | B20: Floor | C20: Carpet / Finish | D20: 10 | E20: =INT(50 / D20) -> 5 | F20: Carpet | G20: =Project_Info!A6 -> 4000 | H20: m2 | I20: 30 | J20: =G20*I20 -> 120000 | L20: =MAX(0,J20 * E20 ) -> 600000 | M20: =0.15*J20 -> 18000
A21: Interior | B21: Ceiling | C21: Suspended Ceiling | D21: 20 | E21: =INT(50 / D21) -> 2 | F21: Mineral Fiber Board | G21: =Project_Info!A6 -> 4000 | H21: m2 | I21: 20 | J21: =G21*I21 -> 80000 | L21: =MAX(0,J21 * E21 ) -> 160000 | M21: =0.15*J21 -> 12000
A22: Interior | B22: Ceiling | C22: Suspended Ceiling | D22: 50 | E22: =INT(50 / D22) -> 1 | F22: Steel Grid | G22: =Project_Info!A6 -> 4000 | H22: m2 | I22: 15 | J22: =G22*I22 -> 60000 | L22: =MAX(0,J22 * E22 ) -> 60000 | M22: =0.15*J22 -> 9000 | N22: =-0.8*J22 -> -48000
A23: MEP | B23: HVAC | C23: HVAC System | D23: 20 | E23: =INT(50 / D23) -> 2 | F23: AHU | G23: =2*2500 -> 5000 | H23: kg | I23: 2.8 | J23: =G23*I23 -> 14000 | L23: =MAX(0,J23 * E23 ) -> 28000 | M23: =0.15*J23 -> 2100 | O23: 2,500 kg/ AHU * 2 | P23: HVAC Process: 1.ASHP generate cooling/ heating source (generation sys)
A24: MEP | B24: HVAC | C24: HVAC System | D24: 15 | E24: =INT(50 / D24) -> 3 | F24: ASHP | G24: 3000 | H24: kg | I24: 3.2 | J24: =G24*I24 -> 9600 | L24: =MAX(0,J24 * E24 ) -> 28800 | M24: =0.15*J24 -> 1440 | O24: 3000 kg/ ASHP * 1 | P24: 2.by Circulating water pump and water pipe (Distribution sys)
A25: MEP | B25: HVAC | C25: HVAC System | D25: 20 | E25: =INT(50 / D25) -> 2 | F25: FCU | G25: =25*Project_Info!A6/30 -> 3333.3333 | H25: kg | I25: 2.5 | J25: =G25*I25 -> 8333.3333 | L25: =MAX(0,J25 * E25 ) -> 16666.667 | M25: =0.15*J25 -> 1250 | O25: 25 kg/ unit *1 unit / 30 m² | P25: 3. AHU process air (Terminal_central level)
A26: MEP | B26: HVAC | C26: HVAC System | D26: 25 | E26: =INT(50 / D26) -> 2 | F26: Radiators | G26: =25*Project_Info!A6/30 -> 3333.3333 | H26: kg | I26: 2.2 | J26: =G26*I26 -> 7333.3333 | L26: =MAX(0,J26 * E26 ) -> 14666.667 | M26: =0.15*J26 -> 1100 | O26: 25 kg / unit, 1 unit / 30 m² | P26: 4. by air pipe (Distribution sys)
A27: MEP | B27: HVAC | C27: HVAC System | D27: 20 | E27: =INT(50 / D27) -> 2 | F27: Circulating water pump | G27: =Project_Info!A6/2000*80 -> 160 | H27: kg | I27: 3 | J27: =G27*I27 -> 480 | L27: =MAX(0,J27 * E27 ) -> 960 | M27: =0.15*J27 -> 72 | O27: 80 kg / pump, 1 pump / 2000 m² | P27: 5. FCU (Terminal_room level)
A28: MEP | B28: HVAC | C28: HVAC System | D28: 30 | E28: =INT(50 / D28) -> 1 | F28: Air duct system | G28: =Project_Info!A6*15 -> 60000 | H28: kg | I28: 2 | J28: =G28*I28 -> 120000 | L28: =MAX(0,J28 * E28 ) -> 120000 | M28: =0.15*J28 -> 18000 | O28: 15 kg/m²
A29: MEP | B29: HVAC | C29: Water vascular system | D29: 40 | E29: =INT(50 / D29) -> 1 | F29: Water pipes HVAC | G29: =Project_Info!A6*8 -> 32000 | H29: kg | I29: 2.2 | J29: =G29*I29 -> 70400 | L29: =MAX(0,J29 * E29 ) -> 70400 | M29: =0.15*J29 -> 10560 | O29: 8 kg/m²
A30: MEP | B30: HVAC | C30: HVAC System | D30: 15 | E30: =INT(50 / D30) -> 3 | F30: Refrigerant | G30: 15 | H30: kg | I30: 675 | J30: =D30*I30 -> 10125 | K30: =J30*2%*Project_Info!A4 -> 10125 | L30: =MAX(0,J30 * E30 ) -> 30375 | M30: =5*675 -> 3375 | O30: GWP = 675，leakage = 2%/year, 5kg left at C
A31: MEP | B31: Electrical | C31: Lighting | D31: 15 | E31: =INT(50 / D31) -> 3 | F31: Luminaire | G31: =Project_Info!A6/8*5 -> 2500 | H31: kg | I31: 6 | J31: =G31*I31 -> 15000 | L31: =MAX(0,J31 * E31 ) -> 45000 | M31: =0.15*J31 -> 2250 | O31: 1 unit / 8 m², 5kg / 1 unit,500 × 5 = 2500 kg
A32: MEP | B32: Electrical | C32: Lighting | D32: 30 | E32: =INT(50 / D32) -> 1 | F32: Cable | G32: =Project_Info!A6*5 -> 20000 | H32: kg | I32: 3.5 | J32: =G32*I32 -> 70000 | L32: =MAX(0,J32 * E32 ) -> 70000 | M32: =0.15*J32 -> 10500 | N32: =-0.2*J32 -> -14000 | O32: 5 kg/m²
A33: MEP | B33: Electrical | C33: Distribution system | D33: 30 | E33: =INT(50 / D33) -> 1 | F33: Switchboards | G33: =300+3*100 -> 600 | H33: kg | I33: 4 | J33: =G33*I33 -> 2400 | L33: =MAX(0,J33 * E33 ) -> 2400 | M33: =0.15*J33 -> 360 | O33: 1 main switchboard 300 kg, 3 sub boards 100 kg each
A34: MEP | B34: Electrical | C34: Socket system | D34: 30 | E34: =INT(50 / D34) -> 1 | F34: Small power | G34: =Project_Info!A6/10*0.2 -> 80 | H34: kg | I34: 3.5 | J34: =G34*I34 -> 280 | L34: =MAX(0,J34 * E34 ) -> 280 | M34: =0.15*J34 -> 42 | O34: 1 unit / 10 m², 0.2 kg / unit
A35: MEP | B35: Plumbing | C35: Domestic water system | D35: 50 | E35: =INT(50 / D35) -> 1 | F35: hot&cold&drainage water pipes_Plumbing | G35: =Project_Info!A6*22 -> 88000 | H35: kg | I35: 2.5 | J35: =G35*I35 -> 220000 | L35: =MAX(0,J35 * E35 ) -> 220000 | M35: =0.15*J35 -> 33000 | O35: 22 kg/m² building area
A36: MEP | B36: Plumbing | C36: Sanitary fixtures | D36: 25 | E36: =INT(50 / D36) -> 2 | F36: WC&wash basin | G36: =20*30+20*15 -> 900 | H36: kg | I36: 2 | J36: =G36*I36 -> 1800 | L36: =MAX(0,J36 * E36 ) -> 3600 | M36: =0.15*J36 -> 270 | O36: 30kg /WC,15 kg / wash basin
A37: MEP | B37: Plumbing | C37: Pipe insulation | D37: 30 | E37: =INT(50 / D37) -> 1 | F37: Pipe insulation | G37: =2*Project_Info!A6 -> 8000 | H37: kg | I37: 2.5 | J37: =G37*I37 -> 20000 | L37: =MAX(0,J37 * E37 ) -> 20000 | M37: =0.15*J37 -> 3000 | O37: 2 kg/m²
A38: MEP | B38: Plumbing | C38: Valves | D38: 20 | E38: =INT(50 / D38) -> 2 | F38: Valves | G38: =1*Project_Info!A6 -> 4000 | H38: kg | I38: 3 | J38: =G38*I38 -> 12000 | L38: =MAX(0,J38 * E38 ) -> 24000 | M38: =0.15*J38 -> 1800 | N38: =-0.2*J38 -> -2400 | O38: 1 kg/m²
A40: Total | J40: =SUM(J5:J38) -> 3141751.7 | K40: =SUM(K5:K38) -> 10125 | L40: =SUM(L5:L38) -> 2515148.3 | M40: =SUM(M5:M38) -> 473119 | N40: =SUM(N5:N38) -> -539600

Sheet B6_Operation
B2: B6_Operation | C2: GWP Factor | D2: GWP
B3: Heating EUI (Heating) | C3: 0.15
B4: 45 | D4: =B4*C3*Project_Info!A6 -> 27000
B5: Cooling EUI (Electricity) | C5: 0.35
B6: 10 | D6: =B6*C5*Project_Info!A6 -> 14000
B7: Lighting/Equipment EUI (Electricity) | C7: 0.35
B8: 25 | D8: =B8*C7*Project_Info!A6 -> 35000
B9: Total | D9: =(D4+D6+D8)*Project_Info!A4 -> 3800000

Sheet LCA Summary
B2: Total GWP
B3: =SUM('A-D'!J40+'A-D'!K40+'A-D'!L40+'A-D'!M40+'A-D'!N40+B6_Operation!D9) -> 9400544
B4: Carbon emission per m2 year | C4: =B3/Project_Info!A4/Project_Info!A6 -> 47.00272
B5: DGNB Benchmarking
B7: Proportion analysis
B8: ='A-D'!J4 -> A1-A3 (kg CO2) | C8: ='A-D'!K4 -> B1–B2 | D8: ='A-D'!L4 -> B4_Replacement | E8: =B6_Operation!B2 -> B6_Operation | F8: ='A-D'!M4 -> C_Demolition | G8: ='A-D'!N4 -> D_ avoided burden
B9: ='A-D'!J40 -> 3141751.7 | C9: ='A-D'!K40 -> 10125 | D9: ='A-D'!L40 -> 2515148.3 | E9: =B6_Operation!D9 -> 3800000 | F9: ='A-D'!M40 -> 473119 | G9: ='A-D'!N40 -> -539600
B10: =B9/B3 -> 0.33420956 | C10: =C9/B3 -> 0.0010770653 | D10: =D9/B3 -> 0.26755349 | E10: =E9/B3 -> 0.40423193 | F10: =F9/B3 -> 0.050328896 | G10: =G9/B3 -> -0.057400933

Sheet Primary Energy
B2: Energy use type | C2: EUI | D2: Energy carrier | E2: COP | F2: PE factor | G2: Total area | H2: RSL | I2: PE(Primary Energy) | J2: PEI(Primary Energy Intensity)
B3: Heating | C3: =B6_Operation!B4 -> 45 | D3: district heat | E3: 0.9 | F3: 1.2 | G3: =Project_Info!A6 -> 4000 | H3: =Project_Info!A4 -> 50 | I3: =C3*F3*G3*H3/E3 -> 12000000 | J3: =C3*F3/E3 -> 60
B4: Cooling | C4: =B6_Operation!B6 -> 10 | D4: electricity | E4: 3.5 | F4: 2.4 | G4: =Project_Info!A6 -> 4000 | H4: =Project_Info!A4 -> 50 | I4: =C4*F4*G4*H4/E4 -> 1371428.6 | J4: =C4*F4/E4 -> 6.8571429
B5: Lighting/Equipment | C5: =B6_Operation!B8 -> 25 | D5: electricity | E5: 1 | F5: 2.4 | G5: =Project_Info!A6 -> 4000 | H5: =Project_Info!A4 -> 50 | I5: =C5*F5*G5*H5/E5 -> 12000000 | J5: =C5*F5/E5 -> 60
B7: Total | I7: =SUM(I3:I5) -> 25371429 | J7: =SUM(J3:J5) -> 126.85714
J8: DGNB Gold (100–140)
